{"initial_reset_timestamp": 1641697476.2686272, "timestamps": [1641697609.18201], "episode_lengths": [4468], "episode_rewards": [428.0], "episode_types": ["t"]}